regime,seed,snapshot_t,u,v,weight
stationary,101,0,0,1,0.3100485105087172
stationary,101,0,0,2,0.49989670488475696
stationary,101,0,0,3,0.0
stationary,101,0,0,4,0.0
stationary,101,0,1,2,0.5058817018547245
stationary,101,0,1,3,0.5073893126857697
stationary,101,0,1,4,0.0
stationary,101,0,2,3,0.5272290229992804
stationary,101,0,2,4,0.48074274278200635
stationary,101,0,3,4,0.3615618230516569
stationary,101,1,0,1,0.3100485105087172
stationary,101,1,0,2,0.49989670488475696
stationary,101,1,0,3,0.0
stationary,101,1,0,4,0.0
stationary,101,1,1,2,0.5058817018547245
stationary,101,1,1,3,0.5073893126857697
stationary,101,1,1,4,0.0
stationary,101,1,2,3,0.5272290229992804
stationary,101,1,2,4,0.48074274278200635
stationary,101,1,3,4,0.3615618230516569
stationary,101,2,0,1,0.3100485105087172
stationary,101,2,0,2,0.49989670488475696
stationary,101,2,0,3,0.0
stationary,101,2,0,4,0.0
stationary,101,2,1,2,0.5058817018547245
stationary,101,2,1,3,0.5073893126857697
stationary,101,2,1,4,0.0
stationary,101,2,2,3,0.5272290229992804
stationary,101,2,2,4,0.48074274278200635
stationary,101,2,3,4,0.3615618230516569
stationary,101,3,0,1,0.3100485105087172
stationary,101,3,0,2,0.49989670488475696
stationary,101,3,0,3,0.0
stationary,101,3,0,4,0.0
stationary,101,3,1,2,0.5058817018547245
stationary,101,3,1,3,0.5073893126857697
stationary,101,3,1,4,0.0
stationary,101,3,2,3,0.5272290229992804
stationary,101,3,2,4,0.48074274278200635
stationary,101,3,3,4,0.3615618230516569
stationary,101,4,0,1,0.3100485105087172
stationary,101,4,0,2,0.49989670488475696
stationary,101,4,0,3,0.0
stationary,101,4,0,4,0.0
stationary,101,4,1,2,0.5058817018547245
stationary,101,4,1,3,0.5073893126857697
stationary,101,4,1,4,0.0
stationary,101,4,2,3,0.5272290229992804
stationary,101,4,2,4,0.48074274278200635
stationary,101,4,3,4,0.3615618230516569
stationary,101,5,0,1,0.3100485105087172
stationary,101,5,0,2,0.49989670488475696
stationary,101,5,0,3,0.0
stationary,101,5,0,4,0.0
stationary,101,5,1,2,0.5058817018547245
stationary,101,5,1,3,0.5073893126857697
stationary,101,5,1,4,0.0
stationary,101,5,2,3,0.5272290229992804
stationary,101,5,2,4,0.48074274278200635
stationary,101,5,3,4,0.3615618230516569
stationary,101,6,0,1,0.3100485105087172
stationary,101,6,0,2,0.49989670488475696
stationary,101,6,0,3,0.0
stationary,101,6,0,4,0.0
stationary,101,6,1,2,0.5058817018547245
stationary,101,6,1,3,0.5073893126857697
stationary,101,6,1,4,0.0
stationary,101,6,2,3,0.5272290229992804
stationary,101,6,2,4,0.48074274278200635
stationary,101,6,3,4,0.3615618230516569
stationary,101,7,0,1,0.3100485105087172
stationary,101,7,0,2,0.49989670488475696
stationary,101,7,0,3,0.0
stationary,101,7,0,4,0.0
stationary,101,7,1,2,0.5058817018547245
stationary,101,7,1,3,0.5073893126857697
stationary,101,7,1,4,0.0
stationary,101,7,2,3,0.5272290229992804
stationary,101,7,2,4,0.48074274278200635
stationary,101,7,3,4,0.3615618230516569
stationary,101,8,0,1,0.3100485105087172
stationary,101,8,0,2,0.49989670488475696
stationary,101,8,0,3,0.0
stationary,101,8,0,4,0.0
stationary,101,8,1,2,0.5058817018547245
stationary,101,8,1,3,0.5073893126857697
stationary,101,8,1,4,0.0
stationary,101,8,2,3,0.5272290229992804
stationary,101,8,2,4,0.48074274278200635
stationary,101,8,3,4,0.3615618230516569
stationary,101,9,0,1,0.3100485105087172
stationary,101,9,0,2,0.49989670488475696
stationary,101,9,0,3,0.0
stationary,101,9,0,4,0.0
stationary,101,9,1,2,0.5058817018547245
stationary,101,9,1,3,0.5073893126857697
stationary,101,9,1,4,0.0
stationary,101,9,2,3,0.5272290229992804
stationary,101,9,2,4,0.48074274278200635
stationary,101,9,3,4,0.3615618230516569
stationary,101,10,0,1,0.3100485105087172
stationary,101,10,0,2,0.49989670488475696
stationary,101,10,0,3,0.0
stationary,101,10,0,4,0.0
stationary,101,10,1,2,0.5058817018547245
stationary,101,10,1,3,0.5073893126857697
stationary,101,10,1,4,0.0
stationary,101,10,2,3,0.5272290229992804
stationary,101,10,2,4,0.48074274278200635
stationary,101,10,3,4,0.3615618230516569
stationary,101,11,0,1,0.3100485105087172
stationary,101,11,0,2,0.49989670488475696
stationary,101,11,0,3,0.0
stationary,101,11,0,4,0.0
stationary,101,11,1,2,0.5058817018547245
stationary,101,11,1,3,0.5073893126857697
stationary,101,11,1,4,0.0
stationary,101,11,2,3,0.5272290229992804
stationary,101,11,2,4,0.48074274278200635
stationary,101,11,3,4,0.3615618230516569
stationary,102,0,0,1,0.3100485105087172
stationary,102,0,0,2,0.49989670488475696
stationary,102,0,0,3,0.0
stationary,102,0,0,4,0.0
stationary,102,0,1,2,0.5058817018547245
stationary,102,0,1,3,0.5073893126857697
stationary,102,0,1,4,0.0
stationary,102,0,2,3,0.5272290229992804
stationary,102,0,2,4,0.48074274278200635
stationary,102,0,3,4,0.3615618230516569
stationary,102,1,0,1,0.3100485105087172
stationary,102,1,0,2,0.49989670488475696
stationary,102,1,0,3,0.0
stationary,102,1,0,4,0.0
stationary,102,1,1,2,0.5058817018547245
stationary,102,1,1,3,0.5073893126857697
stationary,102,1,1,4,0.0
stationary,102,1,2,3,0.5272290229992804
stationary,102,1,2,4,0.48074274278200635
stationary,102,1,3,4,0.3615618230516569
stationary,102,2,0,1,0.3100485105087172
stationary,102,2,0,2,0.49989670488475696
stationary,102,2,0,3,0.0
stationary,102,2,0,4,0.0
stationary,102,2,1,2,0.5058817018547245
stationary,102,2,1,3,0.5073893126857697
stationary,102,2,1,4,0.0
stationary,102,2,2,3,0.5272290229992804
stationary,102,2,2,4,0.48074274278200635
stationary,102,2,3,4,0.3615618230516569
stationary,102,3,0,1,0.3100485105087172
stationary,102,3,0,2,0.49989670488475696
stationary,102,3,0,3,0.0
stationary,102,3,0,4,0.0
stationary,102,3,1,2,0.5058817018547245
stationary,102,3,1,3,0.5073893126857697
stationary,102,3,1,4,0.0
stationary,102,3,2,3,0.5272290229992804
stationary,102,3,2,4,0.48074274278200635
stationary,102,3,3,4,0.3615618230516569
stationary,102,4,0,1,0.3100485105087172
stationary,102,4,0,2,0.49989670488475696
stationary,102,4,0,3,0.0
stationary,102,4,0,4,0.0
stationary,102,4,1,2,0.5058817018547245
stationary,102,4,1,3,0.5073893126857697
stationary,102,4,1,4,0.0
stationary,102,4,2,3,0.5272290229992804
stationary,102,4,2,4,0.48074274278200635
stationary,102,4,3,4,0.3615618230516569
stationary,102,5,0,1,0.3100485105087172
stationary,102,5,0,2,0.49989670488475696
stationary,102,5,0,3,0.0
stationary,102,5,0,4,0.0
stationary,102,5,1,2,0.5058817018547245
stationary,102,5,1,3,0.5073893126857697
stationary,102,5,1,4,0.0
stationary,102,5,2,3,0.5272290229992804
stationary,102,5,2,4,0.48074274278200635
stationary,102,5,3,4,0.3615618230516569
stationary,102,6,0,1,0.3100485105087172
stationary,102,6,0,2,0.49989670488475696
stationary,102,6,0,3,0.0
stationary,102,6,0,4,0.0
stationary,102,6,1,2,0.5058817018547245
stationary,102,6,1,3,0.5073893126857697
stationary,102,6,1,4,0.0
stationary,102,6,2,3,0.5272290229992804
stationary,102,6,2,4,0.48074274278200635
stationary,102,6,3,4,0.3615618230516569
stationary,102,7,0,1,0.3100485105087172
stationary,102,7,0,2,0.49989670488475696
stationary,102,7,0,3,0.0
stationary,102,7,0,4,0.0
stationary,102,7,1,2,0.5058817018547245
stationary,102,7,1,3,0.5073893126857697
stationary,102,7,1,4,0.0
stationary,102,7,2,3,0.5272290229992804
stationary,102,7,2,4,0.48074274278200635
stationary,102,7,3,4,0.3615618230516569
stationary,102,8,0,1,0.3100485105087172
stationary,102,8,0,2,0.49989670488475696
stationary,102,8,0,3,0.0
stationary,102,8,0,4,0.0
stationary,102,8,1,2,0.5058817018547245
stationary,102,8,1,3,0.5073893126857697
stationary,102,8,1,4,0.0
stationary,102,8,2,3,0.5272290229992804
stationary,102,8,2,4,0.48074274278200635
stationary,102,8,3,4,0.3615618230516569
stationary,102,9,0,1,0.3100485105087172
stationary,102,9,0,2,0.49989670488475696
stationary,102,9,0,3,0.0
stationary,102,9,0,4,0.0
stationary,102,9,1,2,0.5058817018547245
stationary,102,9,1,3,0.5073893126857697
stationary,102,9,1,4,0.0
stationary,102,9,2,3,0.5272290229992804
stationary,102,9,2,4,0.48074274278200635
stationary,102,9,3,4,0.3615618230516569
stationary,102,10,0,1,0.3100485105087172
stationary,102,10,0,2,0.49989670488475696
stationary,102,10,0,3,0.0
stationary,102,10,0,4,0.0
stationary,102,10,1,2,0.5058817018547245
stationary,102,10,1,3,0.5073893126857697
stationary,102,10,1,4,0.0
stationary,102,10,2,3,0.5272290229992804
stationary,102,10,2,4,0.48074274278200635
stationary,102,10,3,4,0.3615618230516569
stationary,102,11,0,1,0.3100485105087172
stationary,102,11,0,2,0.49989670488475696
stationary,102,11,0,3,0.0
stationary,102,11,0,4,0.0
stationary,102,11,1,2,0.5058817018547245
stationary,102,11,1,3,0.5073893126857697
stationary,102,11,1,4,0.0
stationary,102,11,2,3,0.5272290229992804
stationary,102,11,2,4,0.48074274278200635
stationary,102,11,3,4,0.3615618230516569
gradual,201,0,0,1,0.3100485105087172
gradual,201,0,0,2,0.49989670488475696
gradual,201,0,0,3,0.0
gradual,201,0,0,4,0.0
gradual,201,0,1,2,0.5058817018547245
gradual,201,0,1,3,0.5073893126857697
gradual,201,0,1,4,0.0
gradual,201,0,2,3,0.5272290229992804
gradual,201,0,2,4,0.48074274278200635
gradual,201,0,3,4,0.3615618230516569
gradual,201,1,0,1,0.3353061086120613
gradual,201,1,0,2,0.5223296634745302
gradual,201,1,0,3,0.0
gradual,201,1,0,4,0.0
gradual,201,1,1,2,0.38275216052981864
gradual,201,1,1,3,0.4300229443445096
gradual,201,1,1,4,0.0
gradual,201,1,2,3,0.5632439224795469
gradual,201,1,2,4,0.519816671050591
gradual,201,1,3,4,0.3219061921154355
gradual,201,2,0,1,0.28101380291750666
gradual,201,2,0,2,0.5243677331616378
gradual,201,2,0,3,0.0
gradual,201,2,0,4,0.0
gradual,201,2,1,2,0.37951454615446534
gradual,201,2,1,3,0.32960352626566436
gradual,201,2,1,4,0.0
gradual,201,2,2,3,0.450302864414511
gradual,201,2,2,4,0.5701392091878841
gradual,201,2,3,4,0.3191755440025098
gradual,201,3,0,1,0.271046650762915
gradual,201,3,0,2,0.5728437576841208
gradual,201,3,0,3,0.0
gradual,201,3,0,4,0.2648431203466759
gradual,201,3,1,2,0.43440739290645103
gradual,201,3,1,3,0.3251919620907253
gradual,201,3,1,4,0.0
gradual,201,3,2,3,0.4938701534150274
gradual,201,3,2,4,0.5046571172754927
gradual,201,3,3,4,0.33444544055584013
gradual,201,4,0,1,0.0
gradual,201,4,0,2,0.514935989620602
gradual,201,4,0,3,0.0
gradual,201,4,0,4,0.32766480572495965
gradual,201,4,1,2,0.42494469698583714
gradual,201,4,1,3,0.46424179480710326
gradual,201,4,1,4,0.0
gradual,201,4,2,3,0.6442911174847561
gradual,201,4,2,4,0.5249383930930067
gradual,201,4,3,4,0.2938712875707888
gradual,201,5,0,1,0.4104984157595438
gradual,201,5,0,2,0.6386503196095463
gradual,201,5,0,3,0.0
gradual,201,5,0,4,0.40623111635557607
gradual,201,5,1,2,0.45890109639187415
gradual,201,5,1,3,0.4640641977256138
gradual,201,5,1,4,0.0
gradual,201,5,2,3,0.5573235505671008
gradual,201,5,2,4,0.6147792691232205
gradual,201,5,3,4,0.3180225019898981
gradual,201,6,0,1,0.3205513272690107
gradual,201,6,0,2,0.4901397195069588
gradual,201,6,0,3,0.0
gradual,201,6,0,4,0.2969806403698555
gradual,201,6,1,2,0.43555901257331153
gradual,201,6,1,3,0.43626734043484927
gradual,201,6,1,4,0.0
gradual,201,6,2,3,0.6328116318754149
gradual,201,6,2,4,0.5693925706496837
gradual,201,6,3,4,0.3284118402503413
gradual,201,7,0,1,0.38297009426206646
gradual,201,7,0,2,0.5539359635424312
gradual,201,7,0,3,0.27467620218640665
gradual,201,7,0,4,0.32786237223768994
gradual,201,7,1,2,0.45483363865546955
gradual,201,7,1,3,0.5683156247567132
gradual,201,7,1,4,0.0
gradual,201,7,2,3,0.6419207674843699
gradual,201,7,2,4,0.5946449616497274
gradual,201,7,3,4,0.31548092108426734
gradual,201,8,0,1,0.3300214972436727
gradual,201,8,0,2,0.5193684632465242
gradual,201,8,0,3,0.0
gradual,201,8,0,4,0.37221401345177507
gradual,201,8,1,2,0.5250181740570142
gradual,201,8,1,3,0.5855609968262708
gradual,201,8,1,4,0.0
gradual,201,8,2,3,0.6162230449377535
gradual,201,8,2,4,0.5480319767275592
gradual,201,8,3,4,0.0
gradual,201,9,0,1,0.3846885190658902
gradual,201,9,0,2,0.5266467117196252
gradual,201,9,0,3,0.0
gradual,201,9,0,4,0.40308228128910284
gradual,201,9,1,2,0.5185718828957155
gradual,201,9,1,3,0.5342505546354137
gradual,201,9,1,4,0.0
gradual,201,9,2,3,0.6542006505743655
gradual,201,9,2,4,0.5923651001420158
gradual,201,9,3,4,0.32053942365967825
gradual,201,10,0,1,0.5030663497693751
gradual,201,10,0,2,0.6116102196539641
gradual,201,10,0,3,0.29836359237451643
gradual,201,10,0,4,0.4477362230310127
gradual,201,10,1,2,0.6279482762738577
gradual,201,10,1,3,0.5143795626542557
gradual,201,10,1,4,0.0
gradual,201,10,2,3,0.6846449984663827
gradual,201,10,2,4,0.5958454857626938
gradual,201,10,3,4,0.44351696303996685
gradual,201,11,0,1,0.5808430348406498
gradual,201,11,0,2,0.6553293954012722
gradual,201,11,0,3,0.26799546994632806
gradual,201,11,0,4,0.3810584972117093
gradual,201,11,1,2,0.6157630765576109
gradual,201,11,1,3,0.401661345583909
gradual,201,11,1,4,0.0
gradual,201,11,2,3,0.6105473112504127
gradual,201,11,2,4,0.5972269848529954
gradual,201,11,3,4,0.5058716924523563
gradual,202,0,0,1,0.3100485105087172
gradual,202,0,0,2,0.49989670488475696
gradual,202,0,0,3,0.0
gradual,202,0,0,4,0.0
gradual,202,0,1,2,0.5058817018547245
gradual,202,0,1,3,0.5073893126857697
gradual,202,0,1,4,0.0
gradual,202,0,2,3,0.5272290229992804
gradual,202,0,2,4,0.48074274278200635
gradual,202,0,3,4,0.3615618230516569
gradual,202,1,0,1,0.35113939864064003
gradual,202,1,0,2,0.6477116139976475
gradual,202,1,0,3,0.0
gradual,202,1,0,4,0.0
gradual,202,1,1,2,0.43680110464264454
gradual,202,1,1,3,0.42262259084119247
gradual,202,1,1,4,0.0
gradual,202,1,2,3,0.449592762458887
gradual,202,1,2,4,0.4060107317448606
gradual,202,1,3,4,0.40059963346432675
gradual,202,2,0,1,0.2899478259709468
gradual,202,2,0,2,0.5876262028732229
gradual,202,2,0,3,0.0
gradual,202,2,0,4,0.0
gradual,202,2,1,2,0.3453440084149024
gradual,202,2,1,3,0.44847356128094895
gradual,202,2,1,4,0.0
gradual,202,2,2,3,0.43192703598697446
gradual,202,2,2,4,0.42047823303274434
gradual,202,2,3,4,0.3746852853963333
gradual,202,3,0,1,0.0
gradual,202,3,0,2,0.649444983924685
gradual,202,3,0,3,0.0
gradual,202,3,0,4,0.0
gradual,202,3,1,2,0.3045170741703427
gradual,202,3,1,3,0.5187068748091292
gradual,202,3,1,4,0.0
gradual,202,3,2,3,0.3826072332762342
gradual,202,3,2,4,0.40537286260724903
gradual,202,3,3,4,0.3340322108300568
gradual,202,4,0,1,0.0
gradual,202,4,0,2,0.7223082472095483
gradual,202,4,0,3,0.0
gradual,202,4,0,4,0.0
gradual,202,4,1,2,0.0
gradual,202,4,1,3,0.5406808069758886
gradual,202,4,1,4,0.0
gradual,202,4,2,3,0.37453673178064173
gradual,202,4,2,4,0.0
gradual,202,4,3,4,0.3074731867845013
gradual,202,5,0,1,0.0
gradual,202,5,0,2,0.7467398005006017
gradual,202,5,0,3,0.0
gradual,202,5,0,4,0.0
gradual,202,5,1,2,0.0
gradual,202,5,1,3,0.60029254037681
gradual,202,5,1,4,0.0
gradual,202,5,2,3,0.3989610883884426
gradual,202,5,2,4,0.0
gradual,202,5,3,4,0.0
gradual,202,6,0,1,0.0
gradual,202,6,0,2,0.7249286250763147
gradual,202,6,0,3,0.0
gradual,202,6,0,4,0.0
gradual,202,6,1,2,0.0
gradual,202,6,1,3,0.5284340484080443
gradual,202,6,1,4,0.0
gradual,202,6,2,3,0.43263563264456606
gradual,202,6,2,4,0.0
gradual,202,6,3,4,0.2701616471350806
gradual,202,7,0,1,0.0
gradual,202,7,0,2,0.6371620129572932
gradual,202,7,0,3,0.0
gradual,202,7,0,4,0.0
gradual,202,7,1,2,0.0
gradual,202,7,1,3,0.5330262214313924
gradual,202,7,1,4,0.0
gradual,202,7,2,3,0.4063802891623402
gradual,202,7,2,4,0.0
gradual,202,7,3,4,0.34311103929618325
gradual,202,8,0,1,0.0
gradual,202,8,0,2,0.6750063565538195
gradual,202,8,0,3,0.0
gradual,202,8,0,4,0.0
gradual,202,8,1,2,0.0
gradual,202,8,1,3,0.5934014717331378
gradual,202,8,1,4,0.0
gradual,202,8,2,3,0.41349310433517317
gradual,202,8,2,4,0.0
gradual,202,8,3,4,0.2773006880416171
gradual,202,9,0,1,0.0
gradual,202,9,0,2,0.629996936846484
gradual,202,9,0,3,0.0
gradual,202,9,0,4,0.0
gradual,202,9,1,2,0.0
gradual,202,9,1,3,0.5815732781573759
gradual,202,9,1,4,0.0
gradual,202,9,2,3,0.3869997374292361
gradual,202,9,2,4,0.0
gradual,202,9,3,4,0.2716108439679813
gradual,202,10,0,1,0.0
gradual,202,10,0,2,0.6690239541216992
gradual,202,10,0,3,0.0
gradual,202,10,0,4,0.0
gradual,202,10,1,2,0.0
gradual,202,10,1,3,0.47824765366539035
gradual,202,10,1,4,0.0
gradual,202,10,2,3,0.3510298301304505
gradual,202,10,2,4,0.0
gradual,202,10,3,4,0.3833258984103689
gradual,202,11,0,1,0.0
gradual,202,11,0,2,0.6753726558460929
gradual,202,11,0,3,0.0
gradual,202,11,0,4,0.0
gradual,202,11,1,2,0.0
gradual,202,11,1,3,0.5520033379077764
gradual,202,11,1,4,0.0
gradual,202,11,2,3,0.31302527006436687
gradual,202,11,2,4,0.0
gradual,202,11,3,4,0.30137417936274946
gradual,203,0,0,1,0.3100485105087172
gradual,203,0,0,2,0.49989670488475696
gradual,203,0,0,3,0.0
gradual,203,0,0,4,0.0
gradual,203,0,1,2,0.5058817018547245
gradual,203,0,1,3,0.5073893126857697
gradual,203,0,1,4,0.0
gradual,203,0,2,3,0.5272290229992804
gradual,203,0,2,4,0.48074274278200635
gradual,203,0,3,4,0.3615618230516569
gradual,203,1,0,1,0.3626368976039083
gradual,203,1,0,2,0.5526756459217358
gradual,203,1,0,3,0.0
gradual,203,1,0,4,0.0
gradual,203,1,1,2,0.5130849791913241
gradual,203,1,1,3,0.506417085721981
gradual,203,1,1,4,0.0
gradual,203,1,2,3,0.37983266898713236
gradual,203,1,2,4,0.5074855297114846
gradual,203,1,3,4,0.3533206103499976
gradual,203,2,0,1,0.4711682074054677
gradual,203,2,0,2,0.5861740506877855
gradual,203,2,0,3,0.0
gradual,203,2,0,4,0.0
gradual,203,2,1,2,0.4664777897371305
gradual,203,2,1,3,0.33052956180416493
gradual,203,2,1,4,0.0
gradual,203,2,2,3,0.0
gradual,203,2,2,4,0.41902490694720096
gradual,203,2,3,4,0.3627295497169791
gradual,203,3,0,1,0.458910367142892
gradual,203,3,0,2,0.6801987871234589
gradual,203,3,0,3,0.0
gradual,203,3,0,4,0.0
gradual,203,3,1,2,0.40974939413823563
gradual,203,3,1,3,0.0
gradual,203,3,1,4,0.0
gradual,203,3,2,3,0.0
gradual,203,3,2,4,0.3964540145201595
gradual,203,3,3,4,0.0
gradual,203,4,0,1,0.4318344980265857
gradual,203,4,0,2,0.6278870675166084
gradual,203,4,0,3,0.0
gradual,203,4,0,4,0.0
gradual,203,4,1,2,0.34101118457479995
gradual,203,4,1,3,0.0
gradual,203,4,1,4,0.0
gradual,203,4,2,3,0.0
gradual,203,4,2,4,0.34973237954918857
gradual,203,4,3,4,0.0
gradual,203,5,0,1,0.5113458948316467
gradual,203,5,0,2,0.6122701225494613
gradual,203,5,0,3,0.0
gradual,203,5,0,4,0.0
gradual,203,5,1,2,0.3732471277169339
gradual,203,5,1,3,0.0
gradual,203,5,1,4,0.0
gradual,203,5,2,3,0.0
gradual,203,5,2,4,0.37187695395956366
gradual,203,5,3,4,0.26878255312475297
gradual,203,6,0,1,0.47818034131860876
gradual,203,6,0,2,0.6268582845809225
gradual,203,6,0,3,0.0
gradual,203,6,0,4,0.0
gradual,203,6,1,2,0.3983572605853744
gradual,203,6,1,3,0.2665298724379483
gradual,203,6,1,4,0.0
gradual,203,6,2,3,0.0
gradual,203,6,2,4,0.3729487471448027
gradual,203,6,3,4,0.28102267192713315
gradual,203,7,0,1,0.557624856523998
gradual,203,7,0,2,0.6551697667720044
gradual,203,7,0,3,0.0
gradual,203,7,0,4,0.0
gradual,203,7,1,2,0.4138153916823254
gradual,203,7,1,3,0.2958810416372455
gradual,203,7,1,4,0.0
gradual,203,7,2,3,0.0
gradual,203,7,2,4,0.27081979648080345
gradual,203,7,3,4,0.0
gradual,203,8,0,1,0.5176022022768968
gradual,203,8,0,2,0.6546068327198686
gradual,203,8,0,3,0.0
gradual,203,8,0,4,0.0
gradual,203,8,1,2,0.3376603139272431
gradual,203,8,1,3,0.34184196223358426
gradual,203,8,1,4,0.0
gradual,203,8,2,3,0.334218518622537
gradual,203,8,2,4,0.308385550886127
gradual,203,8,3,4,0.2892160122452752
gradual,203,9,0,1,0.5602462357104676
gradual,203,9,0,2,0.619016142039777
gradual,203,9,0,3,0.0
gradual,203,9,0,4,0.0
gradual,203,9,1,2,0.43374500809984884
gradual,203,9,1,3,0.3834777995065921
gradual,203,9,1,4,0.0
gradual,203,9,2,3,0.42450544880821517
gradual,203,9,2,4,0.25586763778383814
gradual,203,9,3,4,0.30101556712098015
gradual,203,10,0,1,0.47291912980754364
gradual,203,10,0,2,0.6666144317633962
gradual,203,10,0,3,0.0
gradual,203,10,0,4,0.0
gradual,203,10,1,2,0.3885847713497216
gradual,203,10,1,3,0.38895267411256274
gradual,203,10,1,4,0.0
gradual,203,10,2,3,0.374192608305513
gradual,203,10,2,4,0.0
gradual,203,10,3,4,0.2868387829616048
gradual,203,11,0,1,0.4736317502593558
gradual,203,11,0,2,0.6790090367388671
gradual,203,11,0,3,0.0
gradual,203,11,0,4,0.0
gradual,203,11,1,2,0.28486308946243444
gradual,203,11,1,3,0.32191973220226466
gradual,203,11,1,4,0.0
gradual,203,11,2,3,0.30427024510451384
gradual,203,11,2,4,0.0
gradual,203,11,3,4,0.31064536981121643
gradual,204,0,0,1,0.3100485105087172
gradual,204,0,0,2,0.49989670488475696
gradual,204,0,0,3,0.0
gradual,204,0,0,4,0.0
gradual,204,0,1,2,0.5058817018547245
gradual,204,0,1,3,0.5073893126857697
gradual,204,0,1,4,0.0
gradual,204,0,2,3,0.5272290229992804
gradual,204,0,2,4,0.48074274278200635
gradual,204,0,3,4,0.3615618230516569
gradual,204,1,0,1,0.3263199279417599
gradual,204,1,0,2,0.5115921704229454
gradual,204,1,0,3,0.0
gradual,204,1,0,4,0.0
gradual,204,1,1,2,0.6155002035577771
gradual,204,1,1,3,0.6344380685377085
gradual,204,1,1,4,0.0
gradual,204,1,2,3,0.5870163609668162
gradual,204,1,2,4,0.5350875860977351
gradual,204,1,3,4,0.3842360989282843
gradual,204,2,0,1,0.3816735590026041
gradual,204,2,0,2,0.49041277871096434
gradual,204,2,0,3,0.0
gradual,204,2,0,4,0.0
gradual,204,2,1,2,0.5778104036230058
gradual,204,2,1,3,0.5747175043031321
gradual,204,2,1,4,0.0
gradual,204,2,2,3,0.48894986969054566
gradual,204,2,2,4,0.5853428280140694
gradual,204,2,3,4,0.3906355170015775
gradual,204,3,0,1,0.4084909313446593
gradual,204,3,0,2,0.5895962215110937
gradual,204,3,0,3,0.0
gradual,204,3,0,4,0.0
gradual,204,3,1,2,0.49048688593547407
gradual,204,3,1,3,0.5681148976734363
gradual,204,3,1,4,0.0
gradual,204,3,2,3,0.4646712787746545
gradual,204,3,2,4,0.5729702287339903
gradual,204,3,3,4,0.4497190146471468
gradual,204,4,0,1,0.38857337961957417
gradual,204,4,0,2,0.6397001542610488
gradual,204,4,0,3,0.0
gradual,204,4,0,4,0.0
gradual,204,4,1,2,0.47307306605779087
gradual,204,4,1,3,0.5955641527698026
gradual,204,4,1,4,0.0
gradual,204,4,2,3,0.45883802806178153
gradual,204,4,2,4,0.515647463277978
gradual,204,4,3,4,0.522303760572523
gradual,204,5,0,1,0.3412454734505166
gradual,204,5,0,2,0.7299185674064496
gradual,204,5,0,3,0.0
gradual,204,5,0,4,0.0
gradual,204,5,1,2,0.39689992404708563
gradual,204,5,1,3,0.6347592667345812
gradual,204,5,1,4,0.0
gradual,204,5,2,3,0.4248005827956435
gradual,204,5,2,4,0.3720234025835194
gradual,204,5,3,4,0.48083703885599366
gradual,204,6,0,1,0.3321380157863898
gradual,204,6,0,2,0.6921298423910991
gradual,204,6,0,3,0.0
gradual,204,6,0,4,0.0
gradual,204,6,1,2,0.4359028477823731
gradual,204,6,1,3,0.7447932264631527
gradual,204,6,1,4,0.0
gradual,204,6,2,3,0.42103460483501676
gradual,204,6,2,4,0.26158227903790954
gradual,204,6,3,4,0.35730669667805814
gradual,204,7,0,1,0.32725365395577694
gradual,204,7,0,2,0.6927084942925712
gradual,204,7,0,3,0.2513574101939806
gradual,204,7,0,4,0.0
gradual,204,7,1,2,0.41146531965397193
gradual,204,7,1,3,0.797192387049709
gradual,204,7,1,4,0.0
gradual,204,7,2,3,0.42225918245715455
gradual,204,7,2,4,0.0
gradual,204,7,3,4,0.32525170657907954
gradual,204,8,0,1,0.3270877399872488
gradual,204,8,0,2,0.7049959867205927
gradual,204,8,0,3,0.0
gradual,204,8,0,4,0.0
gradual,204,8,1,2,0.5073514625442785
gradual,204,8,1,3,0.7305870946799025
gradual,204,8,1,4,0.0
gradual,204,8,2,3,0.4972747538986131
gradual,204,8,2,4,0.2775541507554261
gradual,204,8,3,4,0.4179691395531676
gradual,204,9,0,1,0.311382195013328
gradual,204,9,0,2,0.6079452292906846
gradual,204,9,0,3,0.0
gradual,204,9,0,4,0.0
gradual,204,9,1,2,0.6205253677183631
gradual,204,9,1,3,0.692562207944662
gradual,204,9,1,4,0.0
gradual,204,9,2,3,0.5313571848552636
gradual,204,9,2,4,0.25836846738018204
gradual,204,9,3,4,0.36064711573032604
gradual,204,10,0,1,0.31408547369477624
gradual,204,10,0,2,0.6289568890455515
gradual,204,10,0,3,0.0
gradual,204,10,0,4,0.0
gradual,204,10,1,2,0.543302532533656
gradual,204,10,1,3,0.8086378474596709
gradual,204,10,1,4,0.0
gradual,204,10,2,3,0.5315086881707063
gradual,204,10,2,4,0.3193804466071105
gradual,204,10,3,4,0.0
gradual,204,11,0,1,0.0
gradual,204,11,0,2,0.6074769804082174
gradual,204,11,0,3,0.0
gradual,204,11,0,4,0.0
gradual,204,11,1,2,0.49517770705362724
gradual,204,11,1,3,0.9084417742819595
gradual,204,11,1,4,0.0
gradual,204,11,2,3,0.5089500546041035
gradual,204,11,2,4,0.3675925574282187
gradual,204,11,3,4,0.0
sudden,301,0,0,1,0.3100485105087172
sudden,301,0,0,2,0.49989670488475696
sudden,301,0,0,3,0.0
sudden,301,0,0,4,0.0
sudden,301,0,1,2,0.5058817018547245
sudden,301,0,1,3,0.5073893126857697
sudden,301,0,1,4,0.0
sudden,301,0,2,3,0.5272290229992804
sudden,301,0,2,4,0.48074274278200635
sudden,301,0,3,4,0.3615618230516569
sudden,301,1,0,1,0.35686956006876314
sudden,301,1,0,2,0.5144311522825259
sudden,301,1,0,3,0.0
sudden,301,1,0,4,0.0
sudden,301,1,1,2,0.492820279684297
sudden,301,1,1,3,0.4092415459285139
sudden,301,1,1,4,0.0
sudden,301,1,2,3,0.5552991470762588
sudden,301,1,2,4,0.4631956817244426
sudden,301,1,3,4,0.3809817277486245
sudden,301,2,0,1,0.41512029292804187
sudden,301,2,0,2,0.4937681381287223
sudden,301,2,0,3,0.0
sudden,301,2,0,4,0.0
sudden,301,2,1,2,0.43120456638553006
sudden,301,2,1,3,0.0
sudden,301,2,1,4,0.0
sudden,301,2,2,3,0.5376627177223748
sudden,301,2,2,4,0.43290045467323346
sudden,301,2,3,4,0.4320405449243875
sudden,301,3,0,1,0.4292349142948282
sudden,301,3,0,2,0.4732562441405492
sudden,301,3,0,3,0.0
sudden,301,3,0,4,0.0
sudden,301,3,1,2,0.4713718423267176
sudden,301,3,1,3,0.0
sudden,301,3,1,4,0.0
sudden,301,3,2,3,0.5902959487537799
sudden,301,3,2,4,0.3258291239716221
sudden,301,3,3,4,0.3762486351642961
sudden,301,4,0,1,0.3825111990577031
sudden,301,4,0,2,0.39147424705319034
sudden,301,4,0,3,0.0
sudden,301,4,0,4,0.0
sudden,301,4,1,2,0.345678955069766
sudden,301,4,1,3,0.0
sudden,301,4,1,4,0.0
sudden,301,4,2,3,0.6982472954747558
sudden,301,4,2,4,0.3625163996094133
sudden,301,4,3,4,0.3931940818699309
sudden,301,5,0,1,0.36220231504559464
sudden,301,5,0,2,0.4064578570735433
sudden,301,5,0,3,0.0
sudden,301,5,0,4,0.5269782292529704
sudden,301,5,1,2,0.377475992056196
sudden,301,5,1,3,0.0
sudden,301,5,1,4,0.48687541686176883
sudden,301,5,2,3,0.6763418139715185
sudden,301,5,2,4,0.8581206025166318
sudden,301,5,3,4,0.5396317081805684
sudden,301,6,0,1,0.2825141861248316
sudden,301,6,0,2,0.4087401263620601
sudden,301,6,0,3,0.0
sudden,301,6,0,4,0.4967693043435653
sudden,301,6,1,2,0.3046123490899884
sudden,301,6,1,3,0.0
sudden,301,6,1,4,0.46253587520237915
sudden,301,6,2,3,0.6759384413175138
sudden,301,6,2,4,0.8333786160353843
sudden,301,6,3,4,0.5215072654486359
sudden,301,7,0,1,0.0
sudden,301,7,0,2,0.4496887670519858
sudden,301,7,0,3,0.0
sudden,301,7,0,4,0.48150212218151256
sudden,301,7,1,2,0.29856921941232384
sudden,301,7,1,3,0.0
sudden,301,7,1,4,0.5506984998804294
sudden,301,7,2,3,0.630782747705235
sudden,301,7,2,4,0.7459653696779925
sudden,301,7,3,4,0.41204516859137696
sudden,301,8,0,1,0.30384307307695624
sudden,301,8,0,2,0.498293692148988
sudden,301,8,0,3,0.0
sudden,301,8,0,4,0.5224270211487817
sudden,301,8,1,2,0.31960670884960535
sudden,301,8,1,3,0.0
sudden,301,8,1,4,0.5282633068476495
sudden,301,8,2,3,0.6111891338834081
sudden,301,8,2,4,0.7912998787169594
sudden,301,8,3,4,0.4259568758037272
sudden,301,9,0,1,0.296142260134831
sudden,301,9,0,2,0.531239550087375
sudden,301,9,0,3,0.0
sudden,301,9,0,4,0.5241589840813237
sudden,301,9,1,2,0.2872693278677785
sudden,301,9,1,3,0.0
sudden,301,9,1,4,0.5679805803461573
sudden,301,9,2,3,0.6933994360934534
sudden,301,9,2,4,0.7179468410188707
sudden,301,9,3,4,0.46507108264413266
sudden,301,10,0,1,0.32231834132206816
sudden,301,10,0,2,0.5195270338801858
sudden,301,10,0,3,0.0
sudden,301,10,0,4,0.48135506060364264
sudden,301,10,1,2,0.3240232793333784
sudden,301,10,1,3,0.0
sudden,301,10,1,4,0.559452747834882
sudden,301,10,2,3,0.6338848627610084
sudden,301,10,2,4,0.7515125344684231
sudden,301,10,3,4,0.43400900836657763
sudden,301,11,0,1,0.2984832341038762
sudden,301,11,0,2,0.3751002087390281
sudden,301,11,0,3,0.0
sudden,301,11,0,4,0.4889435729715507
sudden,301,11,1,2,0.31101093666290114
sudden,301,11,1,3,0.0
sudden,301,11,1,4,0.5433095581166667
sudden,301,11,2,3,0.6635073106660001
sudden,301,11,2,4,0.7585993297217444
sudden,301,11,3,4,0.4249193177292775
sudden,302,0,0,1,0.3100485105087172
sudden,302,0,0,2,0.49989670488475696
sudden,302,0,0,3,0.0
sudden,302,0,0,4,0.0
sudden,302,0,1,2,0.5058817018547245
sudden,302,0,1,3,0.5073893126857697
sudden,302,0,1,4,0.0
sudden,302,0,2,3,0.5272290229992804
sudden,302,0,2,4,0.48074274278200635
sudden,302,0,3,4,0.3615618230516569
sudden,302,1,0,1,0.35269415977010254
sudden,302,1,0,2,0.550410309080779
sudden,302,1,0,3,0.0
sudden,302,1,0,4,0.0
sudden,302,1,1,2,0.39761665541272695
sudden,302,1,1,3,0.3493541112148821
sudden,302,1,1,4,0.0
sudden,302,1,2,3,0.4458232377686602
sudden,302,1,2,4,0.37585412924507733
sudden,302,1,3,4,0.31164157962141403
sudden,302,2,0,1,0.44942355217914065
sudden,302,2,0,2,0.6359186228503839
sudden,302,2,0,3,0.0
sudden,302,2,0,4,0.0
sudden,302,2,1,2,0.36995648792505964
sudden,302,2,1,3,0.3233590718242209
sudden,302,2,1,4,0.0
sudden,302,2,2,3,0.3934636030560606
sudden,302,2,2,4,0.34622141406147966
sudden,302,2,3,4,0.25862236616789064
sudden,302,3,0,1,0.4467099939514354
sudden,302,3,0,2,0.6486885358193698
sudden,302,3,0,3,0.0
sudden,302,3,0,4,0.0
sudden,302,3,1,2,0.4303991680813204
sudden,302,3,1,3,0.43045798429456095
sudden,302,3,1,4,0.0
sudden,302,3,2,3,0.4082767682987517
sudden,302,3,2,4,0.3314249454751479
sudden,302,3,3,4,0.3235697895093681
sudden,302,4,0,1,0.3868252291996682
sudden,302,4,0,2,0.6432251304712265
sudden,302,4,0,3,0.0
sudden,302,4,0,4,0.0
sudden,302,4,1,2,0.3731827001043766
sudden,302,4,1,3,0.4133661926077155
sudden,302,4,1,4,0.0
sudden,302,4,2,3,0.44257000552005543
sudden,302,4,2,4,0.38544052378689697
sudden,302,4,3,4,0.3930598501910806
sudden,302,5,0,1,0.3283224027684192
sudden,302,5,0,2,0.6214040232865004
sudden,302,5,0,3,0.0
sudden,302,5,0,4,0.5882366931018301
sudden,302,5,1,2,0.31333459982466405
sudden,302,5,1,3,0.46400384544084294
sudden,302,5,1,4,0.5770468978938605
sudden,302,5,2,3,0.3687393059894293
sudden,302,5,2,4,0.7342246663201017
sudden,302,5,3,4,0.5305024884325006
sudden,302,6,0,1,0.29065172085213065
sudden,302,6,0,2,0.7063841744581572
sudden,302,6,0,3,0.0
sudden,302,6,0,4,0.6623983677321694
sudden,302,6,1,2,0.34344877406198693
sudden,302,6,1,3,0.42386383663071653
sudden,302,6,1,4,0.4930968527077574
sudden,302,6,2,3,0.39844965404474264
sudden,302,6,2,4,0.8494831180666571
sudden,302,6,3,4,0.4847875849886593
sudden,302,7,0,1,0.32827199466507045
sudden,302,7,0,2,0.7378567650193608
sudden,302,7,0,3,0.0
sudden,302,7,0,4,0.6542279019937546
sudden,302,7,1,2,0.2865285448360545
sudden,302,7,1,3,0.40116165144267
sudden,302,7,1,4,0.5034163515811022
sudden,302,7,2,3,0.29576100642821546
sudden,302,7,2,4,0.7663641241872649
sudden,302,7,3,4,0.4791269445494222
sudden,302,8,0,1,0.2769259574742862
sudden,302,8,0,2,0.7278071617472008
sudden,302,8,0,3,0.0
sudden,302,8,0,4,0.6097851355834286
sudden,302,8,1,2,0.29089939321960356
sudden,302,8,1,3,0.3077938428143558
sudden,302,8,1,4,0.4305572472673014
sudden,302,8,2,3,0.320008039117731
sudden,302,8,2,4,0.8177201007509032
sudden,302,8,3,4,0.47992644219226066
sudden,302,9,0,1,0.37179477754488965
sudden,302,9,0,2,0.7025032103236952
sudden,302,9,0,3,0.0
sudden,302,9,0,4,0.6032932862803292
sudden,302,9,1,2,0.3223551437345642
sudden,302,9,1,3,0.2670592016079303
sudden,302,9,1,4,0.42967077666757125
sudden,302,9,2,3,0.3660533874966918
sudden,302,9,2,4,0.8290203344824738
sudden,302,9,3,4,0.5193737123698764
sudden,302,10,0,1,0.44803699144435094
sudden,302,10,0,2,0.6843272522826167
sudden,302,10,0,3,0.0
sudden,302,10,0,4,0.6054440198267531
sudden,302,10,1,2,0.33892100232420086
sudden,302,10,1,3,0.3239042892826944
sudden,302,10,1,4,0.4728101048710722
sudden,302,10,2,3,0.36358759511459177
sudden,302,10,2,4,0.8002225336319508
sudden,302,10,3,4,0.54326153659969
sudden,302,11,0,1,0.45188943017089733
sudden,302,11,0,2,0.6608967882467836
sudden,302,11,0,3,0.0
sudden,302,11,0,4,0.562424016582097
sudden,302,11,1,2,0.3814175021239613
sudden,302,11,1,3,0.3668247793936846
sudden,302,11,1,4,0.4673991916552837
sudden,302,11,2,3,0.4012444628162084
sudden,302,11,2,4,0.8302889292161498
sudden,302,11,3,4,0.5672679443856556
sudden,303,0,0,1,0.3100485105087172
sudden,303,0,0,2,0.49989670488475696
sudden,303,0,0,3,0.0
sudden,303,0,0,4,0.0
sudden,303,0,1,2,0.5058817018547245
sudden,303,0,1,3,0.5073893126857697
sudden,303,0,1,4,0.0
sudden,303,0,2,3,0.5272290229992804
sudden,303,0,2,4,0.48074274278200635
sudden,303,0,3,4,0.3615618230516569
sudden,303,1,0,1,0.33788169155248193
sudden,303,1,0,2,0.5270549641614453
sudden,303,1,0,3,0.0
sudden,303,1,0,4,0.0
sudden,303,1,1,2,0.451585411878458
sudden,303,1,1,3,0.5161065382914181
sudden,303,1,1,4,0.0
sudden,303,1,2,3,0.44079069772920787
sudden,303,1,2,4,0.5231796452372723
sudden,303,1,3,4,0.31039104093721553
sudden,303,2,0,1,0.32024259546971245
sudden,303,2,0,2,0.38347073173748125
sudden,303,2,0,3,0.0
sudden,303,2,0,4,0.0
sudden,303,2,1,2,0.44438605423637534
sudden,303,2,1,3,0.6109523289899267
sudden,303,2,1,4,0.0
sudden,303,2,2,3,0.5532245082542021
sudden,303,2,2,4,0.5609753779098974
sudden,303,2,3,4,0.27476654023411173
sudden,303,3,0,1,0.2918066192052454
sudden,303,3,0,2,0.28771993993097433
sudden,303,3,0,3,0.0
sudden,303,3,0,4,0.0
sudden,303,3,1,2,0.3598951509292394
sudden,303,3,1,3,0.5467389337268245
sudden,303,3,1,4,0.0
sudden,303,3,2,3,0.572417617601403
sudden,303,3,2,4,0.6066008951265269
sudden,303,3,3,4,0.30170081207940586
sudden,303,4,0,1,0.0
sudden,303,4,0,2,0.0
sudden,303,4,0,3,0.0
sudden,303,4,0,4,0.0
sudden,303,4,1,2,0.358508033731164
sudden,303,4,1,3,0.5710199994156591
sudden,303,4,1,4,0.0
sudden,303,4,2,3,0.6423304492582185
sudden,303,4,2,4,0.6909800611377045
sudden,303,4,3,4,0.42681797709916264
sudden,303,5,0,1,0.28313202647830926
sudden,303,5,0,2,0.0
sudden,303,5,0,3,0.0
sudden,303,5,0,4,0.4569389512594485
sudden,303,5,1,2,0.276279042605266
sudden,303,5,1,3,0.5180344552480503
sudden,303,5,1,4,0.588362765282342
sudden,303,5,2,3,0.6293098187541463
sudden,303,5,2,4,0.6566449082786507
sudden,303,5,3,4,0.6688690792849092
sudden,303,6,0,1,0.0
sudden,303,6,0,2,0.0
sudden,303,6,0,3,0.0
sudden,303,6,0,4,0.41771509071807716
sudden,303,6,1,2,0.0
sudden,303,6,1,3,0.5560920798730583
sudden,303,6,1,4,0.5459563775620366
sudden,303,6,2,3,0.5878115033294825
sudden,303,6,2,4,0.6299559284511408
sudden,303,6,3,4,0.7199365447510213
sudden,303,7,0,1,0.25539662173082656
sudden,303,7,0,2,0.0
sudden,303,7,0,3,0.0
sudden,303,7,0,4,0.3871866329919821
sudden,303,7,1,2,0.2771722009855278
sudden,303,7,1,3,0.5801504283250957
sudden,303,7,1,4,0.6394114294231933
sudden,303,7,2,3,0.626364133794073
sudden,303,7,2,4,0.6254742606925692
sudden,303,7,3,4,0.7674910099164478
sudden,303,8,0,1,0.33295500664515953
sudden,303,8,0,2,0.0
sudden,303,8,0,3,0.0
sudden,303,8,0,4,0.5140276460357883
sudden,303,8,1,2,0.0
sudden,303,8,1,3,0.5644324601894887
sudden,303,8,1,4,0.6387709927847653
sudden,303,8,2,3,0.6379738231891239
sudden,303,8,2,4,0.5455028310282165
sudden,303,8,3,4,0.6972891954574496
sudden,303,9,0,1,0.2896854739148622
sudden,303,9,0,2,0.0
sudden,303,9,0,3,0.0
sudden,303,9,0,4,0.4703853476987644
sudden,303,9,1,2,0.0
sudden,303,9,1,3,0.5295027554062555
sudden,303,9,1,4,0.5573414740905998
sudden,303,9,2,3,0.6473085847144823
sudden,303,9,2,4,0.6265135346181567
sudden,303,9,3,4,0.7637335341727617
sudden,303,10,0,1,0.0
sudden,303,10,0,2,0.0
sudden,303,10,0,3,0.0
sudden,303,10,0,4,0.3802488701885266
sudden,303,10,1,2,0.0
sudden,303,10,1,3,0.4981551984314871
sudden,303,10,1,4,0.5389867850649013
sudden,303,10,2,3,0.6003200497961904
sudden,303,10,2,4,0.6052432963473013
sudden,303,10,3,4,0.785036920690541
sudden,303,11,0,1,0.2524177002533565
sudden,303,11,0,2,0.0
sudden,303,11,0,3,0.0
sudden,303,11,0,4,0.3985191242050027
sudden,303,11,1,2,0.0
sudden,303,11,1,3,0.4971014206190816
sudden,303,11,1,4,0.46870988426570737
sudden,303,11,2,3,0.6091882027372462
sudden,303,11,2,4,0.6695576818290887
sudden,303,11,3,4,0.7907691002179844
sudden,304,0,0,1,0.3100485105087172
sudden,304,0,0,2,0.49989670488475696
sudden,304,0,0,3,0.0
sudden,304,0,0,4,0.0
sudden,304,0,1,2,0.5058817018547245
sudden,304,0,1,3,0.5073893126857697
sudden,304,0,1,4,0.0
sudden,304,0,2,3,0.5272290229992804
sudden,304,0,2,4,0.48074274278200635
sudden,304,0,3,4,0.3615618230516569
sudden,304,1,0,1,0.3090666475441529
sudden,304,1,0,2,0.47238235921147537
sudden,304,1,0,3,0.0
sudden,304,1,0,4,0.0
sudden,304,1,1,2,0.5340419141967623
sudden,304,1,1,3,0.49045435448032126
sudden,304,1,1,4,0.0
sudden,304,1,2,3,0.523894787520834
sudden,304,1,2,4,0.40848415066467714
sudden,304,1,3,4,0.334766312732888
sudden,304,2,0,1,0.3104091971649723
sudden,304,2,0,2,0.5009597491341513
sudden,304,2,0,3,0.0
sudden,304,2,0,4,0.0
sudden,304,2,1,2,0.6037729296640466
sudden,304,2,1,3,0.4669417251650989
sudden,304,2,1,4,0.0
sudden,304,2,2,3,0.4603669504564485
sudden,304,2,2,4,0.4787577630022234
sudden,304,2,3,4,0.41463880533559994
sudden,304,3,0,1,0.0
sudden,304,3,0,2,0.5048733883899945
sudden,304,3,0,3,0.0
sudden,304,3,0,4,0.0
sudden,304,3,1,2,0.5377937746517332
sudden,304,3,1,3,0.4723193277057345
sudden,304,3,1,4,0.0
sudden,304,3,2,3,0.38890720534889545
sudden,304,3,2,4,0.5155906463612354
sudden,304,3,3,4,0.3521290946401182
sudden,304,4,0,1,0.0
sudden,304,4,0,2,0.540082187971934
sudden,304,4,0,3,0.0
sudden,304,4,0,4,0.2500676491610513
sudden,304,4,1,2,0.5880394737456902
sudden,304,4,1,3,0.5301664407400405
sudden,304,4,1,4,0.0
sudden,304,4,2,3,0.4241786612813965
sudden,304,4,2,4,0.42809535857930975
sudden,304,4,3,4,0.0
sudden,304,5,0,1,0.0
sudden,304,5,0,2,0.4900522387676488
sudden,304,5,0,3,0.0
sudden,304,5,0,4,0.5213890343125102
sudden,304,5,1,2,0.4983041876638066
sudden,304,5,1,3,0.49446061467253216
sudden,304,5,1,4,0.6062220284046633
sudden,304,5,2,3,0.4999146348706881
sudden,304,5,2,4,0.8604408524565946
sudden,304,5,3,4,0.4701387772132145
sudden,304,6,0,1,0.0
sudden,304,6,0,2,0.428709921743892
sudden,304,6,0,3,0.0
sudden,304,6,0,4,0.4452850874824671
sudden,304,6,1,2,0.5664915823818155
sudden,304,6,1,3,0.5422894149130563
sudden,304,6,1,4,0.6939607150502478
sudden,304,6,2,3,0.5271812290832437
sudden,304,6,2,4,0.8312101424569605
sudden,304,6,3,4,0.4884474471015334
sudden,304,7,0,1,0.0
sudden,304,7,0,2,0.4096026899301269
sudden,304,7,0,3,0.0
sudden,304,7,0,4,0.47482830282462835
sudden,304,7,1,2,0.534822000344821
sudden,304,7,1,3,0.6154442176482685
sudden,304,7,1,4,0.685991521265615
sudden,304,7,2,3,0.676782762942775
sudden,304,7,2,4,0.8041748623500323
sudden,304,7,3,4,0.6342559764333606
sudden,304,8,0,1,0.30907012899079833
sudden,304,8,0,2,0.36974625851689336
sudden,304,8,0,3,0.0
sudden,304,8,0,4,0.5351242474519194
sudden,304,8,1,2,0.5399436404556054
sudden,304,8,1,3,0.6363683304094141
sudden,304,8,1,4,0.7384810680028071
sudden,304,8,2,3,0.5930172873973516
sudden,304,8,2,4,0.6971674949974654
sudden,304,8,3,4,0.5293659441601747
sudden,304,9,0,1,0.2670534738765379
sudden,304,9,0,2,0.3692610243181548
sudden,304,9,0,3,0.0
sudden,304,9,0,4,0.48079427725585877
sudden,304,9,1,2,0.6016501685026129
sudden,304,9,1,3,0.7143970781570784
sudden,304,9,1,4,0.7817106551105252
sudden,304,9,2,3,0.45976942088207695
sudden,304,9,2,4,0.6945120421515625
sudden,304,9,3,4,0.5102059639801952
sudden,304,10,0,1,0.2761246330112654
sudden,304,10,0,2,0.49643074160236544
sudden,304,10,0,3,0.0
sudden,304,10,0,4,0.5818766349092016
sudden,304,10,1,2,0.5326758886380181
sudden,304,10,1,3,0.7363842282812172
sudden,304,10,1,4,0.6923024018773096
sudden,304,10,2,3,0.42680519872284023
sudden,304,10,2,4,0.7015180758283606
sudden,304,10,3,4,0.4657832789888169
sudden,304,11,0,1,0.0
sudden,304,11,0,2,0.38347561985185286
sudden,304,11,0,3,0.0
sudden,304,11,0,4,0.5740951644338541
sudden,304,11,1,2,0.4328836715390873
sudden,304,11,1,3,0.6765354339875704
sudden,304,11,1,4,0.6540568229264694
sudden,304,11,2,3,0.4220874057633348
sudden,304,11,2,4,0.6076802431542857
sudden,304,11,3,4,0.42505297079405246
continuous_sudden,401,0,0,1,0.3100485105087172
continuous_sudden,401,0,0,2,0.49989670488475696
continuous_sudden,401,0,0,3,0.0
continuous_sudden,401,0,0,4,0.0
continuous_sudden,401,0,1,2,0.5058817018547245
continuous_sudden,401,0,1,3,0.5073893126857697
continuous_sudden,401,0,1,4,0.0
continuous_sudden,401,0,2,3,0.5272290229992804
continuous_sudden,401,0,2,4,0.48074274278200635
continuous_sudden,401,0,3,4,0.3615618230516569
continuous_sudden,401,1,0,1,0.6301387231680109
continuous_sudden,401,1,0,2,0.3590573549465549
continuous_sudden,401,1,0,3,0.0
continuous_sudden,401,1,0,4,0.0
continuous_sudden,401,1,1,2,0.5986168654109596
continuous_sudden,401,1,1,3,0.46969306493300755
continuous_sudden,401,1,1,4,0.0
continuous_sudden,401,1,2,3,0.6000434607452272
continuous_sudden,401,1,2,4,0.3486014952966817
continuous_sudden,401,1,3,4,0.4602376545619036
continuous_sudden,401,2,0,1,0.0
continuous_sudden,401,2,0,2,0.36002753289534767
continuous_sudden,401,2,0,3,0.0
continuous_sudden,401,2,0,4,0.0
continuous_sudden,401,2,1,2,0.5141531232580591
continuous_sudden,401,2,1,3,0.7408055814160581
continuous_sudden,401,2,1,4,0.2792649123805777
continuous_sudden,401,2,2,3,0.6895247583505475
continuous_sudden,401,2,2,4,0.2556800062586586
continuous_sudden,401,2,3,4,0.45760588748756703
continuous_sudden,401,3,0,1,0.0
continuous_sudden,401,3,0,2,0.0
continuous_sudden,401,3,0,3,0.0
continuous_sudden,401,3,0,4,0.0
continuous_sudden,401,3,1,2,0.0
continuous_sudden,401,3,1,3,0.7114948904140463
continuous_sudden,401,3,1,4,0.3219171812068009
continuous_sudden,401,3,2,3,0.0
continuous_sudden,401,3,2,4,0.0
continuous_sudden,401,3,3,4,0.5170291965212891
continuous_sudden,401,4,0,1,0.0
continuous_sudden,401,4,0,2,0.2597902895089277
continuous_sudden,401,4,0,3,0.0
continuous_sudden,401,4,0,4,0.0
continuous_sudden,401,4,1,2,0.0
continuous_sudden,401,4,1,3,0.0
continuous_sudden,401,4,1,4,0.4044719381016285
continuous_sudden,401,4,2,3,0.0
continuous_sudden,401,4,2,4,0.0
continuous_sudden,401,4,3,4,0.6486353883641265
continuous_sudden,401,5,0,1,0.0
continuous_sudden,401,5,0,2,0.39130965024528286
continuous_sudden,401,5,0,3,0.0
continuous_sudden,401,5,0,4,0.3040223513957368
continuous_sudden,401,5,1,2,0.0
continuous_sudden,401,5,1,3,0.3805490080072188
continuous_sudden,401,5,1,4,0.444135072529929
continuous_sudden,401,5,2,3,0.32924103115032866
continuous_sudden,401,5,2,4,0.0
continuous_sudden,401,5,3,4,0.0
continuous_sudden,401,6,0,1,0.0
continuous_sudden,401,6,0,2,0.6607161260372632
continuous_sudden,401,6,0,3,0.6836705602490003
continuous_sudden,401,6,0,4,0.0
continuous_sudden,401,6,1,2,0.0
continuous_sudden,401,6,1,3,0.3380246663890437
continuous_sudden,401,6,1,4,0.2888226085853331
continuous_sudden,401,6,2,3,0.35301614292462724
continuous_sudden,401,6,2,4,0.0
continuous_sudden,401,6,3,4,0.0
continuous_sudden,401,7,0,1,0.0
continuous_sudden,401,7,0,2,0.6791154644633643
continuous_sudden,401,7,0,3,0.38476799519913985
continuous_sudden,401,7,0,4,0.0
continuous_sudden,401,7,1,2,0.0
continuous_sudden,401,7,1,3,0.0
continuous_sudden,401,7,1,4,0.5756893251199181
continuous_sudden,401,7,2,3,0.2822019418344029
continuous_sudden,401,7,2,4,0.0
continuous_sudden,401,7,3,4,0.0
continuous_sudden,401,8,0,1,0.0
continuous_sudden,401,8,0,2,0.0
continuous_sudden,401,8,0,3,0.3584949514433222
continuous_sudden,401,8,0,4,0.0
continuous_sudden,401,8,1,2,0.0
continuous_sudden,401,8,1,3,0.0
continuous_sudden,401,8,1,4,0.5968710301401204
continuous_sudden,401,8,2,3,0.0
continuous_sudden,401,8,2,4,0.44923343584342357
continuous_sudden,401,8,3,4,0.0
continuous_sudden,401,9,0,1,0.0
continuous_sudden,401,9,0,2,0.0
continuous_sudden,401,9,0,3,0.7410134289355834
continuous_sudden,401,9,0,4,0.0
continuous_sudden,401,9,1,2,0.0
continuous_sudden,401,9,1,3,0.0
continuous_sudden,401,9,1,4,0.4988995073559016
continuous_sudden,401,9,2,3,0.0
continuous_sudden,401,9,2,4,0.46741030450888343
continuous_sudden,401,9,3,4,0.0
continuous_sudden,401,10,0,1,0.0
continuous_sudden,401,10,0,2,0.0
continuous_sudden,401,10,0,3,0.6166407912077128
continuous_sudden,401,10,0,4,0.2846187612118971
continuous_sudden,401,10,1,2,0.0
continuous_sudden,401,10,1,3,0.0
continuous_sudden,401,10,1,4,0.0
continuous_sudden,401,10,2,3,0.0
continuous_sudden,401,10,2,4,0.29430907831848907
continuous_sudden,401,10,3,4,0.0
continuous_sudden,401,11,0,1,0.29927790098348617
continuous_sudden,401,11,0,2,0.7431871660322417
continuous_sudden,401,11,0,3,0.0
continuous_sudden,401,11,0,4,0.0
continuous_sudden,401,11,1,2,0.0
continuous_sudden,401,11,1,3,0.0
continuous_sudden,401,11,1,4,0.0
continuous_sudden,401,11,2,3,0.0
continuous_sudden,401,11,2,4,0.41704743834521885
continuous_sudden,401,11,3,4,0.0
continuous_sudden,402,0,0,1,0.3100485105087172
continuous_sudden,402,0,0,2,0.49989670488475696
continuous_sudden,402,0,0,3,0.0
continuous_sudden,402,0,0,4,0.0
continuous_sudden,402,0,1,2,0.5058817018547245
continuous_sudden,402,0,1,3,0.5073893126857697
continuous_sudden,402,0,1,4,0.0
continuous_sudden,402,0,2,3,0.5272290229992804
continuous_sudden,402,0,2,4,0.48074274278200635
continuous_sudden,402,0,3,4,0.3615618230516569
continuous_sudden,402,1,0,1,0.8369730658627506
continuous_sudden,402,1,0,2,0.35165907151714515
continuous_sudden,402,1,0,3,0.32212110779845493
continuous_sudden,402,1,0,4,0.0
continuous_sudden,402,1,1,2,0.5048641054173404
continuous_sudden,402,1,1,3,0.37250851887256
continuous_sudden,402,1,1,4,0.0
continuous_sudden,402,1,2,3,0.46052148211675825
continuous_sudden,402,1,2,4,0.42164352119660475
continuous_sudden,402,1,3,4,0.5066670049243248
continuous_sudden,402,2,0,1,0.0
continuous_sudden,402,2,0,2,0.31609347203874016
continuous_sudden,402,2,0,3,0.0
continuous_sudden,402,2,0,4,0.0
continuous_sudden,402,2,1,2,0.0
continuous_sudden,402,2,1,3,0.7184017751617524
continuous_sudden,402,2,1,4,0.0
continuous_sudden,402,2,2,3,0.32547214270587055
continuous_sudden,402,2,2,4,0.36412353733163616
continuous_sudden,402,2,3,4,0.4231288415076858
continuous_sudden,402,3,0,1,0.29201759055596255
continuous_sudden,402,3,0,2,0.0
continuous_sudden,402,3,0,3,0.46249902889367633
continuous_sudden,402,3,0,4,0.0
continuous_sudden,402,3,1,2,0.0
continuous_sudden,402,3,1,3,0.8105809347045045
continuous_sudden,402,3,1,4,0.3114917216481151
continuous_sudden,402,3,2,3,0.0
continuous_sudden,402,3,2,4,0.0
continuous_sudden,402,3,3,4,0.0
continuous_sudden,402,4,0,1,0.0
continuous_sudden,402,4,0,2,0.2913046536023093
continuous_sudden,402,4,0,3,0.0
continuous_sudden,402,4,0,4,0.0
continuous_sudden,402,4,1,2,0.0
continuous_sudden,402,4,1,3,0.4787196091447272
continuous_sudden,402,4,1,4,0.3482075920461151
continuous_sudden,402,4,2,3,0.0
continuous_sudden,402,4,2,4,0.0
continuous_sudden,402,4,3,4,0.8188737135156433
continuous_sudden,402,5,0,1,0.30362107468699545
continuous_sudden,402,5,0,2,0.0
continuous_sudden,402,5,0,3,0.0
continuous_sudden,402,5,0,4,0.7750307402653904
continuous_sudden,402,5,1,2,0.0
continuous_sudden,402,5,1,3,0.5563133878449266
continuous_sudden,402,5,1,4,0.3198955173960375
continuous_sudden,402,5,2,3,0.0
continuous_sudden,402,5,2,4,0.0
continuous_sudden,402,5,3,4,0.0
continuous_sudden,402,6,0,1,0.6915323607553957
continuous_sudden,402,6,0,2,0.38826390206354966
continuous_sudden,402,6,0,3,0.5850603752643715
continuous_sudden,402,6,0,4,0.0
continuous_sudden,402,6,1,2,0.0
continuous_sudden,402,6,1,3,0.761211982246167
continuous_sudden,402,6,1,4,0.0
continuous_sudden,402,6,2,3,0.0
continuous_sudden,402,6,2,4,0.0
continuous_sudden,402,6,3,4,0.0
continuous_sudden,402,7,0,1,0.0
continuous_sudden,402,7,0,2,0.48065534413096084
continuous_sudden,402,7,0,3,0.4425998858724209
continuous_sudden,402,7,0,4,0.0
continuous_sudden,402,7,1,2,0.0
continuous_sudden,402,7,1,3,0.0
continuous_sudden,402,7,1,4,0.3430265451649204
continuous_sudden,402,7,2,3,0.0
continuous_sudden,402,7,2,4,0.0
continuous_sudden,402,7,3,4,0.0
continuous_sudden,402,8,0,1,0.0
continuous_sudden,402,8,0,2,0.0
continuous_sudden,402,8,0,3,0.451705591630799
continuous_sudden,402,8,0,4,0.0
continuous_sudden,402,8,1,2,0.0
continuous_sudden,402,8,1,3,0.0
continuous_sudden,402,8,1,4,0.27734108486540193
continuous_sudden,402,8,2,3,0.342302207414107
continuous_sudden,402,8,2,4,0.7051333439782286
continuous_sudden,402,8,3,4,0.26264102141077733
continuous_sudden,402,9,0,1,0.0
continuous_sudden,402,9,0,2,0.0
continuous_sudden,402,9,0,3,0.7518747791477403
continuous_sudden,402,9,0,4,0.0
continuous_sudden,402,9,1,2,0.0
continuous_sudden,402,9,1,3,0.0
continuous_sudden,402,9,1,4,0.35077319076835256
continuous_sudden,402,9,2,3,0.0
continuous_sudden,402,9,2,4,0.6866998236204684
continuous_sudden,402,9,3,4,0.0
continuous_sudden,402,10,0,1,0.0
continuous_sudden,402,10,0,2,0.0
continuous_sudden,402,10,0,3,0.7789090783516
continuous_sudden,402,10,0,4,0.0
continuous_sudden,402,10,1,2,0.0
continuous_sudden,402,10,1,3,0.0
continuous_sudden,402,10,1,4,0.0
continuous_sudden,402,10,2,3,0.0
continuous_sudden,402,10,2,4,0.0
continuous_sudden,402,10,3,4,0.0
continuous_sudden,402,11,0,1,0.4356282719008193
continuous_sudden,402,11,0,2,0.8398958558525966
continuous_sudden,402,11,0,3,0.0
continuous_sudden,402,11,0,4,0.0
continuous_sudden,402,11,1,2,0.3629365461823286
continuous_sudden,402,11,1,3,0.0
continuous_sudden,402,11,1,4,0.0
continuous_sudden,402,11,2,3,0.0
continuous_sudden,402,11,2,4,0.0
continuous_sudden,402,11,3,4,0.0
continuous_sudden,403,0,0,1,0.3100485105087172
continuous_sudden,403,0,0,2,0.49989670488475696
continuous_sudden,403,0,0,3,0.0
continuous_sudden,403,0,0,4,0.0
continuous_sudden,403,0,1,2,0.5058817018547245
continuous_sudden,403,0,1,3,0.5073893126857697
continuous_sudden,403,0,1,4,0.0
continuous_sudden,403,0,2,3,0.5272290229992804
continuous_sudden,403,0,2,4,0.48074274278200635
continuous_sudden,403,0,3,4,0.3615618230516569
continuous_sudden,403,1,0,1,0.7753683790305748
continuous_sudden,403,1,0,2,0.0
continuous_sudden,403,1,0,3,0.3405535022259266
continuous_sudden,403,1,0,4,0.0
continuous_sudden,403,1,1,2,0.41685497846698805
continuous_sudden,403,1,1,3,0.5619835730453715
continuous_sudden,403,1,1,4,0.0
continuous_sudden,403,1,2,3,0.5311501342992048
continuous_sudden,403,1,2,4,0.572552931986472
continuous_sudden,403,1,3,4,0.3482564758251055
continuous_sudden,403,2,0,1,0.0
continuous_sudden,403,2,0,2,0.0
continuous_sudden,403,2,0,3,0.4456044973513772
continuous_sudden,403,2,0,4,0.0
continuous_sudden,403,2,1,2,0.463979860517341
continuous_sudden,403,2,1,3,0.7566677351953011
continuous_sudden,403,2,1,4,0.3432701843483509
continuous_sudden,403,2,2,3,0.47219394980621177
continuous_sudden,403,2,2,4,0.6925770246017523
continuous_sudden,403,2,3,4,0.2519912573144456
continuous_sudden,403,3,0,1,0.0
continuous_sudden,403,3,0,2,0.0
continuous_sudden,403,3,0,3,0.3866881939319874
continuous_sudden,403,3,0,4,0.0
continuous_sudden,403,3,1,2,0.0
continuous_sudden,403,3,1,3,0.6720090014920822
continuous_sudden,403,3,1,4,0.0
continuous_sudden,403,3,2,3,0.0
continuous_sudden,403,3,2,4,0.0
continuous_sudden,403,3,3,4,0.0
continuous_sudden,403,4,0,1,0.0
continuous_sudden,403,4,0,2,0.0
continuous_sudden,403,4,0,3,0.0
continuous_sudden,403,4,0,4,0.0
continuous_sudden,403,4,1,2,0.0
continuous_sudden,403,4,1,3,0.0
continuous_sudden,403,4,1,4,0.0
continuous_sudden,403,4,2,3,0.0
continuous_sudden,403,4,2,4,0.0
continuous_sudden,403,4,3,4,0.913358203479488
continuous_sudden,403,5,0,1,0.0
continuous_sudden,403,5,0,2,0.2682478463131393
continuous_sudden,403,5,0,3,0.0
continuous_sudden,403,5,0,4,0.7102152281616658
continuous_sudden,403,5,1,2,0.0
continuous_sudden,403,5,1,3,0.0
continuous_sudden,403,5,1,4,0.41863430965544596
continuous_sudden,403,5,2,3,0.2668484123651774
continuous_sudden,403,5,2,4,0.0
continuous_sudden,403,5,3,4,0.0
continuous_sudden,403,6,0,1,0.0
continuous_sudden,403,6,0,2,0.6943362159598212
continuous_sudden,403,6,0,3,0.6060320231298798
continuous_sudden,403,6,0,4,0.0
continuous_sudden,403,6,1,2,0.0
continuous_sudden,403,6,1,3,0.0
continuous_sudden,403,6,1,4,0.44354918128599324
continuous_sudden,403,6,2,3,0.32223654773882693
continuous_sudden,403,6,2,4,0.0
continuous_sudden,403,6,3,4,0.0
continuous_sudden,403,7,0,1,0.0
continuous_sudden,403,7,0,2,0.5107723692736202
continuous_sudden,403,7,0,3,0.6596464612161284
continuous_sudden,403,7,0,4,0.0
continuous_sudden,403,7,1,2,0.0
continuous_sudden,403,7,1,3,0.0
continuous_sudden,403,7,1,4,0.3867154966834376
continuous_sudden,403,7,2,3,0.3778310535033385
continuous_sudden,403,7,2,4,0.0
continuous_sudden,403,7,3,4,0.30911827641007067
continuous_sudden,403,8,0,1,0.0
continuous_sudden,403,8,0,2,0.0
continuous_sudden,403,8,0,3,0.682092942133269
continuous_sudden,403,8,0,4,0.46033536280430887
continuous_sudden,403,8,1,2,0.0
continuous_sudden,403,8,1,3,0.0
continuous_sudden,403,8,1,4,0.0
continuous_sudden,403,8,2,3,0.0
continuous_sudden,403,8,2,4,0.5943939931788157
continuous_sudden,403,8,3,4,0.5102032669205265
continuous_sudden,403,9,0,1,0.0
continuous_sudden,403,9,0,2,0.0
continuous_sudden,403,9,0,3,0.6929899428706661
continuous_sudden,403,9,0,4,0.49286683131228637
continuous_sudden,403,9,1,2,0.0
continuous_sudden,403,9,1,3,0.0
continuous_sudden,403,9,1,4,0.0
continuous_sudden,403,9,2,3,0.0
continuous_sudden,403,9,2,4,0.31465733646420213
continuous_sudden,403,9,3,4,0.2832604465011573
continuous_sudden,403,10,0,1,0.0
continuous_sudden,403,10,0,2,0.0
continuous_sudden,403,10,0,3,0.7582347129539868
continuous_sudden,403,10,0,4,0.3561893702380718
continuous_sudden,403,10,1,2,0.0
continuous_sudden,403,10,1,3,0.0
continuous_sudden,403,10,1,4,0.0
continuous_sudden,403,10,2,3,0.0
continuous_sudden,403,10,2,4,0.0
continuous_sudden,403,10,3,4,0.0
continuous_sudden,403,11,0,1,0.43083164342704605
continuous_sudden,403,11,0,2,0.6092842495862378
continuous_sudden,403,11,0,3,0.0
continuous_sudden,403,11,0,4,0.0
continuous_sudden,403,11,1,2,0.0
continuous_sudden,403,11,1,3,0.0
continuous_sudden,403,11,1,4,0.0
continuous_sudden,403,11,2,3,0.0
continuous_sudden,403,11,2,4,0.0
continuous_sudden,403,11,3,4,0.0
continuous_sudden,404,0,0,1,0.3100485105087172
continuous_sudden,404,0,0,2,0.49989670488475696
continuous_sudden,404,0,0,3,0.0
continuous_sudden,404,0,0,4,0.0
continuous_sudden,404,0,1,2,0.5058817018547245
continuous_sudden,404,0,1,3,0.5073893126857697
continuous_sudden,404,0,1,4,0.0
continuous_sudden,404,0,2,3,0.5272290229992804
continuous_sudden,404,0,2,4,0.48074274278200635
continuous_sudden,404,0,3,4,0.3615618230516569
continuous_sudden,404,1,0,1,0.7426532591478086
continuous_sudden,404,1,0,2,0.32068120884234497
continuous_sudden,404,1,0,3,0.3095803716175317
continuous_sudden,404,1,0,4,0.0
continuous_sudden,404,1,1,2,0.5776016896289475
continuous_sudden,404,1,1,3,0.5156129088212917
continuous_sudden,404,1,1,4,0.0
continuous_sudden,404,1,2,3,0.617377301281733
continuous_sudden,404,1,2,4,0.5226018984069488
continuous_sudden,404,1,3,4,0.37201491186980695
continuous_sudden,404,2,0,1,0.0
continuous_sudden,404,2,0,2,0.2911749279540766
continuous_sudden,404,2,0,3,0.37101130790043313
continuous_sudden,404,2,0,4,0.0
continuous_sudden,404,2,1,2,0.25109855279463467
continuous_sudden,404,2,1,3,0.6083634425624898
continuous_sudden,404,2,1,4,0.0
continuous_sudden,404,2,2,3,0.6345500418575922
continuous_sudden,404,2,2,4,0.5015251668122642
continuous_sudden,404,2,3,4,0.32409714675397183
continuous_sudden,404,3,0,1,0.0
continuous_sudden,404,3,0,2,0.0
continuous_sudden,404,3,0,3,0.0
continuous_sudden,404,3,0,4,0.0
continuous_sudden,404,3,1,2,0.0
continuous_sudden,404,3,1,3,0.5616725151179576
continuous_sudden,404,3,1,4,0.39796966924608346
continuous_sudden,404,3,2,3,0.0
continuous_sudden,404,3,2,4,0.0
continuous_sudden,404,3,3,4,0.5545968742055735
continuous_sudden,404,4,0,1,0.0
continuous_sudden,404,4,0,2,0.0
continuous_sudden,404,4,0,3,0.0
continuous_sudden,404,4,0,4,0.0
continuous_sudden,404,4,1,2,0.0
continuous_sudden,404,4,1,3,0.3130650152257673
continuous_sudden,404,4,1,4,0.4565345196867806
continuous_sudden,404,4,2,3,0.28260415340631206
continuous_sudden,404,4,2,4,0.0
continuous_sudden,404,4,3,4,0.8556973480100655
continuous_sudden,404,5,0,1,0.32932356937326945
continuous_sudden,404,5,0,2,0.0
continuous_sudden,404,5,0,3,0.0
continuous_sudden,404,5,0,4,0.6748881998883118
continuous_sudden,404,5,1,2,0.0
continuous_sudden,404,5,1,3,0.0
continuous_sudden,404,5,1,4,0.5695156749625259
continuous_sudden,404,5,2,3,0.4265076175423916
continuous_sudden,404,5,2,4,0.0
continuous_sudden,404,5,3,4,0.0
continuous_sudden,404,6,0,1,0.0
continuous_sudden,404,6,0,2,0.6052549738154256
continuous_sudden,404,6,0,3,0.8708841089900541
continuous_sudden,404,6,0,4,0.0
continuous_sudden,404,6,1,2,0.0
continuous_sudden,404,6,1,3,0.0
continuous_sudden,404,6,1,4,0.46525646484323313
continuous_sudden,404,6,2,3,0.47614144165900174
continuous_sudden,404,6,2,4,0.0
continuous_sudden,404,6,3,4,0.0
continuous_sudden,404,7,0,1,0.0
continuous_sudden,404,7,0,2,0.7523959565044659
continuous_sudden,404,7,0,3,0.8571349987162612
continuous_sudden,404,7,0,4,0.3452373231453668
continuous_sudden,404,7,1,2,0.0
continuous_sudden,404,7,1,3,0.0
continuous_sudden,404,7,1,4,0.54405247508552
continuous_sudden,404,7,2,3,0.6456556856733165
continuous_sudden,404,7,2,4,0.0
continuous_sudden,404,7,3,4,0.2852332540569652
continuous_sudden,404,8,0,1,0.0
continuous_sudden,404,8,0,2,0.0
continuous_sudden,404,8,0,3,0.82258025946656
continuous_sudden,404,8,0,4,0.3046582814442037
continuous_sudden,404,8,1,2,0.0
continuous_sudden,404,8,1,3,0.0
continuous_sudden,404,8,1,4,0.4014842298016616
continuous_sudden,404,8,2,3,0.0
continuous_sudden,404,8,2,4,0.619124751545151
continuous_sudden,404,8,3,4,0.2955987387387776
continuous_sudden,404,9,0,1,0.0
continuous_sudden,404,9,0,2,0.0
continuous_sudden,404,9,0,3,0.6692625997109806
continuous_sudden,404,9,0,4,0.0
continuous_sudden,404,9,1,2,0.0
continuous_sudden,404,9,1,3,0.0
continuous_sudden,404,9,1,4,0.48145225003185466
continuous_sudden,404,9,2,3,0.0
continuous_sudden,404,9,2,4,0.5760648537745019
continuous_sudden,404,9,3,4,0.0
continuous_sudden,404,10,0,1,0.0
continuous_sudden,404,10,0,2,0.0
continuous_sudden,404,10,0,3,0.42027548040062523
continuous_sudden,404,10,0,4,0.5983542157514561
continuous_sudden,404,10,1,2,0.0
continuous_sudden,404,10,1,3,0.4450305378295637
continuous_sudden,404,10,1,4,0.0
continuous_sudden,404,10,2,3,0.0
continuous_sudden,404,10,2,4,0.0
continuous_sudden,404,10,3,4,0.0
continuous_sudden,404,11,0,1,0.39048304354458374
continuous_sudden,404,11,0,2,0.6979363311404265
continuous_sudden,404,11,0,3,0.0
continuous_sudden,404,11,0,4,0.0
continuous_sudden,404,11,1,2,0.0
continuous_sudden,404,11,1,3,0.590068855223601
continuous_sudden,404,11,1,4,0.0
continuous_sudden,404,11,2,3,0.0
continuous_sudden,404,11,2,4,0.0
continuous_sudden,404,11,3,4,0.0
